Relative file,Bytes,SHA256,Scope,Licence,Publication
.gitignore,418,710421f722a84ae3cc12956bec77e49df1c9d5f284bb5f71c0d8cda071ce4b14,code_metadata_aggregate_QA,MIT,NOT_UPLOADED
01_cohort_construction/STAGE_MINUS1A_CV_OBSERVABILITY_V1/code/aggregate.py,10538,941799e9a6832dcf0ea45d828389d94ec1e93dabb97361f539510c46cdb6f4e7,code_metadata_aggregate_QA,MIT,NOT_UPLOADED
01_cohort_construction/STAGE_MINUS1A_CV_OBSERVABILITY_V1/code/cohort.py,5170,46825da748368ec7a0197a4fb67aff936037776d506ffa0bfb05f3c3070b1551,code_metadata_aggregate_QA,MIT,NOT_UPLOADED
01_cohort_construction/STAGE_MINUS1A_CV_OBSERVABILITY_V1/code/common.py,4781,b6d0de1eb40d30468e10c9aa52e13f79d22a2d4149fb773d69d7790d8abe40c3,code_metadata_aggregate_QA,MIT,NOT_UPLOADED
01_cohort_construction/STAGE_MINUS1A_CV_OBSERVABILITY_V1/code/extract.py,1664,cb90687b9233cc3a75b525724a69f0ec63c66624d413aed21f651191849a578d,code_metadata_aggregate_QA,MIT,NOT_UPLOADED
01_cohort_construction/STAGE_MINUS1A_CV_OBSERVABILITY_V1/code/pairing.py,6128,01fa9dc864b566256bcbacdbc451daef6d1600ca402c73f936c4bc70dca3857f,code_metadata_aggregate_QA,MIT,NOT_UPLOADED
02_cpo_derivation/README.md,548,b47e5915a75e2ecc8659032bb8d9bf8ed27beb8453a0a3898be71a9dc3610d46,code_metadata_aggregate_QA,MIT,NOT_UPLOADED
03_landmark_generation/CV_PAC_CPO_LANDMARK_AUDIT_20260908/code/run_landmark_audit.py,16313,ee3a112fb93747d08bee69249e7629b775d37584efc974851bf09dcc3227b865,code_metadata_aggregate_QA,MIT,NOT_UPLOADED
04_predictor_construction/CV_PAC_CPO_STAGE1A_FEATURE_AND_CENSORING_20260908/code/run_stage1a.py,13381,af2e424bec9a67940b33c502d3ff957af67ee5d927231515eebbb989a36cda5f,code_metadata_aggregate_QA,MIT,NOT_UPLOADED
05_outcome_and_ipow/CV_PAC_CPO_STAGE0_MECHANISM_20260908/code/build_landmark_dataset_v1.py,7300,c53dfa1b106723685e88243c0dc7eb118a9a54e79d67ba1efd7e8f7cb66dc3d4,code_metadata_aggregate_QA,MIT,NOT_UPLOADED
05_outcome_and_ipow/CV_PAC_CPO_STAGE0_MECHANISM_20260908/code/run_stage0_mechanism_audit.py,24281,24ffa2f5f2051afe9cede1de927b320359b4bffb9b2ae5111c88a81d7269ef45,code_metadata_aggregate_QA,MIT,NOT_UPLOADED
05_outcome_and_ipow/CV_PAC_CPO_STAGE0_MECHANISM_20260908/code/summarize_stage0.py,2629,f3a6df818bc60d7d4cadf144a00e190588e80a55ae41770270f30728f494c43b,code_metadata_aggregate_QA,MIT,NOT_UPLOADED
06_model_development/CV_PAC_CPO_PAPER_PACKAGE_20260908/code/export_locked_models.py,4097,e0c6896871b27caca80fde4afc0bd18b4cf56ac9f1ca20cb25e1a219c0d99a40,code_metadata_aggregate_QA,MIT,NOT_UPLOADED
06_model_development/CV_PAC_CPO_STAGE1B_ABC_TEMPORAL_20260908/code/run_stage1b.py,13198,0ad2cec858005a93f171c021615da25f4a903dc466beeab5d8d6948ee948a9bd,code_metadata_aggregate_QA,MIT,NOT_UPLOADED
07_temporal_validation/CV_PAC_CPO_STAGE1C_EARLY_WARNING_AUDIT_20260908/code/run_stage1c.py,11025,40efa9f9d06530c5bb2fb42f5a0b220f32ba097cb6904cc6765a315bdafa9a07,code_metadata_aggregate_QA,MIT,NOT_UPLOADED
07_temporal_validation/CV_PAC_CPO_STAGE1D_ALERT_UTILITY_20260908/code/run_stage1d.py,5312,c97f30c6b37068fe27bc7b3999ab0de2d646be01ac1553d0ed8e06911016061f,code_metadata_aggregate_QA,MIT,NOT_UPLOADED
08_eicu_external_validation/CPO_EICU_EXTERNAL_DISCHARGE_BOUNDARY_R1_V1_0/run_eicu_r1.py,11968,0b8515012fd6329bacc3122e3ccc58ec0b231152e9a519419d9533d043c948a3,code_metadata_aggregate_QA,MIT,NOT_UPLOADED
08_eicu_external_validation/CV_PAC_CPO_EICU_STAGE_EMINUS1_20260909/code/run_eicu_stage_e0.py,7823,d37008c9a3747f92e9caaa343c2f752ee8660a60f0f1d039faa344e9505dbbae,code_metadata_aggregate_QA,MIT,NOT_UPLOADED
08_eicu_external_validation/CV_PAC_CPO_EICU_STAGE_EMINUS1_20260909/code/run_eicu_stage_e1a_medication_audit.py,5513,3e68ac4fa1d180a6b4a8afef747b88a9b6e5e25cffb4d61e2c07fbced9b8b09c,code_metadata_aggregate_QA,MIT,NOT_UPLOADED
08_eicu_external_validation/CV_PAC_CPO_EICU_STAGE_EMINUS1_20260909/code/run_eicu_stage_e1b.py,17976,80db1f68be0a9dfb5ba534b19b77b05bc0ef6e7ba7cc3b6495ec1dcbd8d972db,code_metadata_aggregate_QA,MIT,NOT_UPLOADED
08_eicu_external_validation/CV_PAC_CPO_EICU_STAGE_EMINUS1_20260909/code/run_eicu_stage_e1b_remediation.py,3027,f96ab5bb5f1b9e293e4e3606331367dfc753b5ad0e3e13de29b6358527f2ad56,code_metadata_aggregate_QA,MIT,NOT_UPLOADED
08_eicu_external_validation/CV_PAC_CPO_EICU_STAGE_EMINUS1_20260909/code/run_eicu_stage_e2.py,12515,2739dc1fe9264b38263c89f65afa4c1fe69669e598f776f160ed9aa7fcd67a8c,code_metadata_aggregate_QA,MIT,NOT_UPLOADED
08_eicu_external_validation/CV_PAC_CPO_EICU_STAGE_EMINUS1_20260909/code/run_eicu_stage_eminus1.py,25553,a523166daed5d5dd5477b69d63b0016929546271602d5f9de68d6543ba3e3605,code_metadata_aggregate_QA,MIT,NOT_UPLOADED
09_sensitivity_analyses/CV_PAC_CPO_REVIEWER_DEFENSE_20260908/code/run_information_clock_audit.py,8281,67ba67524a65c967e4d27387c4de091ce33baa3a3931b11aa5c266b5f3e971bc,code_metadata_aggregate_QA,MIT,NOT_UPLOADED
09_sensitivity_analyses/CV_PAC_CPO_REVIEWER_DEFENSE_20260908/code/run_stage_r2_robustness.py,8151,e4c8a8eedfef9e38a69618a53c4eb3b205a157a651e6ee6dbbdb8e92b32e6f2d,code_metadata_aggregate_QA,MIT,NOT_UPLOADED
09_sensitivity_analyses/CV_PAC_CPO_REVIEWER_DEFENSE_20260908/code/run_stage_r3_sensitivity_counts.py,6173,3729cf089ed1c5aad55db447d7edf4d567030c8ef5e862e6b7f1305b5a1b2478,code_metadata_aggregate_QA,MIT,NOT_UPLOADED
09_sensitivity_analyses/CV_PAC_CPO_REVIEWER_DEFENSE_20260908/code/run_storetime_ab_sensitivity.py,19549,e2561d22abdb3c9878cdd64b3091174e80e2047761774691e0e098fa6c61db80,code_metadata_aggregate_QA,MIT,NOT_UPLOADED
10_figures_tables/CV_PAC_CPO_PAPER_PACKAGE_20260908/code/build_predictor_dictionary.py,4884,5028739f9fc88f7ee00f725d935bf11c75eeedfbe6d53b7beb74b0cf785be4b5,code_metadata_aggregate_QA,MIT,NOT_UPLOADED
10_figures_tables/CV_PAC_CPO_PAPER_PACKAGE_20260908/code/build_result_tables.py,4532,90ee7f397cae9150c155c97d2df0634294ee6dc526032ebdf3e8b32ae548c7c5,code_metadata_aggregate_QA,MIT,NOT_UPLOADED
10_figures_tables/CV_PAC_CPO_PAPER_PACKAGE_20260908/code/build_reviewer_defense_tables.py,7255,ddb3394d1b93ab9cb89f15a2ce98b6eb3b9b4ab833b72e15a1a62d42898ed7f5,code_metadata_aggregate_QA,MIT,NOT_UPLOADED
10_figures_tables/CV_PAC_CPO_PAPER_PACKAGE_20260908/code/build_tables.py,11910,6a8db17e260ff20f4a1aae39ab52f946007ecb27158a43367b5eb360c433f16a,code_metadata_aggregate_QA,MIT,NOT_UPLOADED
10_figures_tables/EHJACC_FIGURES/scripts/gen_figure2_cohort_flow.py,8882,0e0a1e7aae19772e58c0604f5d08c28b53c47745c434641558aad19f2d67d7a6,code_metadata_aggregate_QA,MIT,NOT_UPLOADED
10_figures_tables/EHJACC_FIGURES/scripts/gen_figure3_incremental_value.py,12870,2983d15adade18988bc31b3c58ec52cf246799befece429887ad8d45a429fafb,code_metadata_aggregate_QA,MIT,NOT_UPLOADED
10_figures_tables/EHJACC_FIGURES/scripts/gen_figure4_clinical_interpretability.py,20152,7af1efb99e3a15cb4b4f6ef84d35cbc46b7dc8e4b260ffd2edae4283f7d66abe,code_metadata_aggregate_QA,MIT,NOT_UPLOADED
10_figures_tables/EHJACC_FIGURES/scripts/gen_figure5_external_validation.py,13656,1748bf7ee9d3dbaf7f5363566b2167bd4d5b2311d2060753c27b3044bb829f6d,code_metadata_aggregate_QA,MIT,NOT_UPLOADED
10_figures_tables/EHJACC_FIGURES/scripts/generate_ehjacc_figures.py,10915,1de491bb707afd75ac852361b1d19b7acfe6c562b8b42256ce82cd0a11fae7d0,code_metadata_aggregate_QA,MIT,NOT_UPLOADED
10_figures_tables/build_submission_supplement_r1.py,49485,da6dfce6daf60d664664b056e3ed5fa51f7bcf8ed65a4d86711dcb057be0ae55,code_metadata_aggregate_QA,MIT,NOT_UPLOADED
10_figures_tables/locked/expected_ga_values.json,644,4070af227204f5099bad6f384974b6303dc3e618dbe657a8238055216e9a69f8,code_metadata_aggregate_QA,MIT,NOT_UPLOADED
10_figures_tables/locked/ga_base.py,7772,99ffcca4652be061b909d595c8426b0df96305d920571136f54bfbc40dd74335,code_metadata_aggregate_QA,MIT,NOT_UPLOADED
10_figures_tables/locked/graphical_abstract.py,7412,c830ce84d9eda09dbc689d8ac4ed2606748f83ba8d9be3b825aebeb7128a3db9,code_metadata_aggregate_QA,MIT,NOT_UPLOADED
10_figures_tables/locked/locked_style.py,17803,768c8e008d5f1ef4c5ba959fd6aced547eee8b5aa3a59ac5df18be8b7eb1a029,code_metadata_aggregate_QA,MIT,NOT_UPLOADED
10_figures_tables/reproduce_main_table_cells.py,16596,f2783e51d733b8d0ea91379b0c894a1103f1cdb1410a32d81080440db4488957,code_metadata_aggregate_QA,MIT,NOT_UPLOADED
CITATION.cff,919,33cbe8eb3af84b3eac3cb6dd77f27bbb1f14f9ddd53be2729079b4ef5ea0f856,code_metadata_aggregate_QA,MIT,NOT_UPLOADED
LICENSE,1156,64fbf18ceeb4a5919408e26c3e722dd58d76567e7d7ca701100b0dfed7704f6a,code_metadata_aggregate_QA,MIT,NOT_UPLOADED
README.md,8414,dd915867cd7af7befe736ff471f1092c67197e91e18a217cccc500f4f793e65b,code_metadata_aggregate_QA,MIT,NOT_UPLOADED
documentation/ANALYSIS_CODE_LOCK.json,4176,77630c2d3c8b402eb796f946afd5903a3104c3be9e571be4c42acd1162df519d,code_metadata_aggregate_QA,MIT,NOT_UPLOADED
documentation/CPO_CODE_RELEASE_MANIFEST_V1_0.csv,12438,cb036d1d1945cf633bd08234ce517b9de9af9a5cd7a49ea3e4c3207cab655f6a,code_metadata_aggregate_QA,MIT,NOT_UPLOADED
documentation/CPO_CODE_RELEASE_QA_V1_0.md,4314,c87dab6ccb10562f9d914927082bfcdefbd61196735fd1cf41d28db8e6ddeb0b,code_metadata_aggregate_QA,MIT,NOT_UPLOADED
documentation/CPO_CODE_RELEASE_QA_V1_1.md,2133,302d764dda829b1dcb40d0d63e0d88487b5d3c7e4746b0d47dad066f4b98209a,code_metadata_aggregate_QA,MIT,NOT_UPLOADED
documentation/CPO_CODE_RELEASE_QA_V1_2.md,4072,3c70a55c47070ada5f469fd71155699c6462c3e836bb805d6dbb1c2389fb27c6,code_metadata_aggregate_QA,MIT,NOT_UPLOADED
documentation/CPO_MANUSCRIPT_CODE_CROSSWALK_V1_0.csv,147031,dd12ec714d23b95510d588dcf9fa9d16a18efd3ec5308e4bbe8e27c641a756f1,code_metadata_aggregate_QA,MIT,NOT_UPLOADED
documentation/CPO_TABLE2_DIFFERENCES_20260929.md,1204,c3ecc4c97abbeefb20ea22434e7ee3ab1c108c7691a32c7e1677d29ea2371053,code_metadata_aggregate_QA,MIT,NOT_UPLOADED
documentation/FIGURE_LOCK.json,7082,ae8fbe01e2bc2e7a86f3bfe54b2a938aae0769644df9f4e667aded2800f11c4f,code_metadata_aggregate_QA,MIT,NOT_UPLOADED
documentation/FIGURE_LOCK_README.md,3195,d0f76aa0d678007deb69792ad802bd71dfef641f3497d743dc9ffdbb5cede940,code_metadata_aggregate_QA,MIT,NOT_UPLOADED
documentation/LOCKED_RENDER_QA.json,2954,6ee41f893d99312cfc4684c420607de56d8c96fa9e2110bdf33ef3b0004768d1,code_metadata_aggregate_QA,MIT,NOT_UPLOADED
documentation/PUBLICATION_CHECKLIST.md,2437,1e00e8b49e897c0f831d9d2a5a34f4da207715885c53bc18299897ea97e66eaa,code_metadata_aggregate_QA,MIT,NOT_UPLOADED
documentation/PUBLICATION_CHECKLIST_V1_2.md,2350,4f87473a3fb50194612c3bf59ebb5575bd723f5c503cb213ce60d8bbf2be18f2,code_metadata_aggregate_QA,MIT,NOT_UPLOADED
documentation/RELEASE_EVIDENCE_V1_2.json,7886,8ed010af9851d17b6ba98c726fbc6fb2b63c54fdbd16d0a61f66058ee5dcafae,code_metadata_aggregate_QA,MIT,NOT_UPLOADED
documentation/RELEASE_STATUS.json,1093,2c8eab72a8c525d88581eb4b114b67687b0c559f9b206da17ea068b0d6392cf7,code_metadata_aggregate_QA,MIT,NOT_UPLOADED
documentation/REPORTING_CROSSWALK.md,3700,5ec3b8011ce765921cc4d136a604c37a0598f013f3d5419d502d4569e14ba973,code_metadata_aggregate_QA,MIT,NOT_UPLOADED
documentation/REPRODUCIBILITY.md,6059,19a1c64b030dfa865a9d7f3f270f2b4c4e4e3cda30e6b619702904a377526c5b,code_metadata_aggregate_QA,MIT,NOT_UPLOADED
documentation/environment_provenance.json,1130,c3cffddf88af132dee2656cd6fa29bdf4bf3257f0270a0591f29b1feb16cab96,code_metadata_aggregate_QA,MIT,NOT_UPLOADED
documentation/runtime_map.json,6848,28ead26cca995b52ff391c2e280dfb56f88ac4580b4ec11fd882a116cbb616cb,code_metadata_aggregate_QA,MIT,NOT_UPLOADED
documentation/variable_dictionary.csv,4782,378bd779ab74506b2f415d13e7d9509f8eb7527c615e0c114a9252e2979b5e41,code_metadata_aggregate_QA,MIT,NOT_UPLOADED
regenerate_final_figures.py,6340,9496d560e84b2ce4ef455541cbe87ea158a48bb10d2f85a1f054128909017b6c,code_metadata_aggregate_QA,MIT,NOT_UPLOADED
requirements-reporting.txt,248,cd9831476e4902c5a51b3d931025f2c38e6846547af6ddbc1eaf84564c5497d7,code_metadata_aggregate_QA,MIT,NOT_UPLOADED
requirements.txt,309,10e1180371c9165b25f334eb74d885bc2c3fa6343003b1d5bbadc9bc4007ae92,code_metadata_aggregate_QA,MIT,NOT_UPLOADED
run_workflow.py,9925,115754a319777e82a8216b56e4b4f539cb18d9abc1f68186c1f51f82e90d4926,code_metadata_aggregate_QA,MIT,NOT_UPLOADED
validate_figures.py,3064,44f7feadcdbd607a249ef40176add5870c63edf35d7de7c2ad39c99ffcc0dc16,code_metadata_aggregate_QA,MIT,NOT_UPLOADED
validate_locked_release.py,4368,056d8263dae2c1f623665d5410d5943f907194b4bea03bb3d195c5f4a7619607,code_metadata_aggregate_QA,MIT,NOT_UPLOADED
validate_reproduction.py,14040,55d9a84216c67cbce2ba57cc6605f65c1973159aa23c9c23d410b22d2917a483,code_metadata_aggregate_QA,MIT,NOT_UPLOADED
