file,workflow,source,source_sha256,draft_sha256,personal_paths_parameterized,syntax,content_type
01_cohort_construction/STAGE_MINUS1A_CV_OBSERVABILITY_V1/code/common.py,01_cohort_construction,PAC_CPO_VSCODE_RERUN_20260909/STAGE_MINUS1A_CV_OBSERVABILITY_V1/code/common.py,14b02d66bebc56bfb5549172549d85ad89650c5612f5ff6d68e94cbc7a7ac1c6,b6d0de1eb40d30468e10c9aa52e13f79d22a2d4149fb773d69d7790d8abe40c3,1,PASS,python_code_only
01_cohort_construction/STAGE_MINUS1A_CV_OBSERVABILITY_V1/code/cohort.py,01_cohort_construction,PAC_CPO_VSCODE_RERUN_20260909/STAGE_MINUS1A_CV_OBSERVABILITY_V1/code/cohort.py,46825da748368ec7a0197a4fb67aff936037776d506ffa0bfb05f3c3070b1551,46825da748368ec7a0197a4fb67aff936037776d506ffa0bfb05f3c3070b1551,0,PASS,python_code_only
01_cohort_construction/STAGE_MINUS1A_CV_OBSERVABILITY_V1/code/extract.py,01_cohort_construction,PAC_CPO_VSCODE_RERUN_20260909/STAGE_MINUS1A_CV_OBSERVABILITY_V1/code/extract.py,cb90687b9233cc3a75b525724a69f0ec63c66624d413aed21f651191849a578d,cb90687b9233cc3a75b525724a69f0ec63c66624d413aed21f651191849a578d,0,PASS,python_code_only
01_cohort_construction/STAGE_MINUS1A_CV_OBSERVABILITY_V1/code/aggregate.py,01_cohort_construction,PAC_CPO_VSCODE_RERUN_20260909/STAGE_MINUS1A_CV_OBSERVABILITY_V1/code/aggregate.py,941799e9a6832dcf0ea45d828389d94ec1e93dabb97361f539510c46cdb6f4e7,941799e9a6832dcf0ea45d828389d94ec1e93dabb97361f539510c46cdb6f4e7,0,PASS,python_code_only
01_cohort_construction/STAGE_MINUS1A_CV_OBSERVABILITY_V1/code/pairing.py,01_cohort_construction,PAC_CPO_VSCODE_RERUN_20260909/STAGE_MINUS1A_CV_OBSERVABILITY_V1/code/pairing.py,01fa9dc864b566256bcbacdbc451daef6d1600ca402c73f936c4bc70dca3857f,01fa9dc864b566256bcbacdbc451daef6d1600ca402c73f936c4bc70dca3857f,0,PASS,python_code_only
03_landmark_generation/CV_PAC_CPO_LANDMARK_AUDIT_20260908/code/run_landmark_audit.py,03_landmark_generation,CPO_STATISTICS_RERUN_20260915/CV_PAC_CPO_LANDMARK_AUDIT_20260908/code/run_landmark_audit.py,6d64988c8f3c351005ae3200b7fbc416afe0519d3e68cd01675c6a9ec30b22a6,ee3a112fb93747d08bee69249e7629b775d37584efc974851bf09dcc3227b865,1,PASS,python_code_only
05_outcome_and_ipow/CV_PAC_CPO_STAGE0_MECHANISM_20260908/code/run_stage0_mechanism_audit.py,05_outcome_and_ipow,CPO_STATISTICS_RERUN_20260915/CV_PAC_CPO_STAGE0_MECHANISM_20260908/code/run_stage0_mechanism_audit.py,d5fa868fc1ed5ff127b3a1029bdec26545d42d1b50d15c2e60b884f0f6bea98f,24ffa2f5f2051afe9cede1de927b320359b4bffb9b2ae5111c88a81d7269ef45,1,PASS,python_code_only
05_outcome_and_ipow/CV_PAC_CPO_STAGE0_MECHANISM_20260908/code/build_landmark_dataset_v1.py,05_outcome_and_ipow,CPO_STATISTICS_RERUN_20260915/CV_PAC_CPO_STAGE0_MECHANISM_20260908/code/build_landmark_dataset_v1.py,c53dfa1b106723685e88243c0dc7eb118a9a54e79d67ba1efd7e8f7cb66dc3d4,c53dfa1b106723685e88243c0dc7eb118a9a54e79d67ba1efd7e8f7cb66dc3d4,0,PASS,python_code_only
05_outcome_and_ipow/CV_PAC_CPO_STAGE0_MECHANISM_20260908/code/summarize_stage0.py,05_outcome_and_ipow,CPO_STATISTICS_RERUN_20260915/CV_PAC_CPO_STAGE0_MECHANISM_20260908/code/summarize_stage0.py,f3a6df818bc60d7d4cadf144a00e190588e80a55ae41770270f30728f494c43b,f3a6df818bc60d7d4cadf144a00e190588e80a55ae41770270f30728f494c43b,0,PASS,python_code_only
04_predictor_construction/CV_PAC_CPO_STAGE1A_FEATURE_AND_CENSORING_20260908/code/run_stage1a.py,04_predictor_construction,CPO_STATISTICS_RERUN_20260915/CV_PAC_CPO_STAGE1A_FEATURE_AND_CENSORING_20260908/code/run_stage1a.py,18d6d29ac578d27f02498a75b148ad9678d6a702fcf2c1eb8d24037b41f57aea,af2e424bec9a67940b33c502d3ff957af67ee5d927231515eebbb989a36cda5f,1,PASS,python_code_only
06_model_development/CV_PAC_CPO_STAGE1B_ABC_TEMPORAL_20260908/code/run_stage1b.py,06_model_development,CPO_STATISTICS_RERUN_20260915/CV_PAC_CPO_STAGE1B_ABC_TEMPORAL_20260908/code/run_stage1b.py,0ad2cec858005a93f171c021615da25f4a903dc466beeab5d8d6948ee948a9bd,0ad2cec858005a93f171c021615da25f4a903dc466beeab5d8d6948ee948a9bd,0,PASS,python_code_only
06_model_development/CV_PAC_CPO_PAPER_PACKAGE_20260908/code/export_locked_models.py,06_model_development,CPO_STATISTICS_RERUN_20260915/CV_PAC_CPO_PAPER_PACKAGE_20260908/code/export_locked_models.py,e0c6896871b27caca80fde4afc0bd18b4cf56ac9f1ca20cb25e1a219c0d99a40,e0c6896871b27caca80fde4afc0bd18b4cf56ac9f1ca20cb25e1a219c0d99a40,0,PASS,python_code_only
07_temporal_validation/CV_PAC_CPO_STAGE1C_EARLY_WARNING_AUDIT_20260908/code/run_stage1c.py,07_temporal_validation,CPO_STATISTICS_RERUN_20260915/CV_PAC_CPO_STAGE1C_EARLY_WARNING_AUDIT_20260908/code/run_stage1c.py,40efa9f9d06530c5bb2fb42f5a0b220f32ba097cb6904cc6765a315bdafa9a07,40efa9f9d06530c5bb2fb42f5a0b220f32ba097cb6904cc6765a315bdafa9a07,0,PASS,python_code_only
07_temporal_validation/CV_PAC_CPO_STAGE1D_ALERT_UTILITY_20260908/code/run_stage1d.py,07_temporal_validation,CPO_STATISTICS_RERUN_20260915/CV_PAC_CPO_STAGE1D_ALERT_UTILITY_20260908/code/run_stage1d.py,c97f30c6b37068fe27bc7b3999ab0de2d646be01ac1553d0ed8e06911016061f,c97f30c6b37068fe27bc7b3999ab0de2d646be01ac1553d0ed8e06911016061f,0,PASS,python_code_only
09_sensitivity_analyses/CV_PAC_CPO_REVIEWER_DEFENSE_20260908/code/run_information_clock_audit.py,09_sensitivity_analyses,CPO_STATISTICS_RERUN_20260915/CV_PAC_CPO_REVIEWER_DEFENSE_20260908/code/run_information_clock_audit.py,67ba67524a65c967e4d27387c4de091ce33baa3a3931b11aa5c266b5f3e971bc,67ba67524a65c967e4d27387c4de091ce33baa3a3931b11aa5c266b5f3e971bc,0,PASS,python_code_only
09_sensitivity_analyses/CV_PAC_CPO_REVIEWER_DEFENSE_20260908/code/run_storetime_ab_sensitivity.py,09_sensitivity_analyses,CPO_STATISTICS_RERUN_20260915/CV_PAC_CPO_REVIEWER_DEFENSE_20260908/code/run_storetime_ab_sensitivity.py,e2561d22abdb3c9878cdd64b3091174e80e2047761774691e0e098fa6c61db80,e2561d22abdb3c9878cdd64b3091174e80e2047761774691e0e098fa6c61db80,0,PASS,python_code_only
09_sensitivity_analyses/CV_PAC_CPO_REVIEWER_DEFENSE_20260908/code/run_stage_r2_robustness.py,09_sensitivity_analyses,CPO_STATISTICS_RERUN_20260915/CV_PAC_CPO_REVIEWER_DEFENSE_20260908/code/run_stage_r2_robustness.py,e4c8a8eedfef9e38a69618a53c4eb3b205a157a651e6ee6dbbdb8e92b32e6f2d,e4c8a8eedfef9e38a69618a53c4eb3b205a157a651e6ee6dbbdb8e92b32e6f2d,0,PASS,python_code_only
09_sensitivity_analyses/CV_PAC_CPO_REVIEWER_DEFENSE_20260908/code/run_stage_r3_sensitivity_counts.py,09_sensitivity_analyses,CPO_STATISTICS_RERUN_20260915/CV_PAC_CPO_REVIEWER_DEFENSE_20260908/code/run_stage_r3_sensitivity_counts.py,3729cf089ed1c5aad55db447d7edf4d567030c8ef5e862e6b7f1305b5a1b2478,3729cf089ed1c5aad55db447d7edf4d567030c8ef5e862e6b7f1305b5a1b2478,0,PASS,python_code_only
08_eicu_external_validation/CV_PAC_CPO_EICU_STAGE_EMINUS1_20260909/code/run_eicu_stage_eminus1.py,08_eicu_external_validation,CV_PAC_CPO_EICU_STAGE_EMINUS1_20260909/code/run_eicu_stage_eminus1.py,b71b4106fe7e2a1e327589755cda8c0a719020afe34ea63a09f08e2bd0050d34,a523166daed5d5dd5477b69d63b0016929546271602d5f9de68d6543ba3e3605,1,PASS,python_code_only
08_eicu_external_validation/CV_PAC_CPO_EICU_STAGE_EMINUS1_20260909/code/run_eicu_stage_e0.py,08_eicu_external_validation,CV_PAC_CPO_EICU_STAGE_EMINUS1_20260909/code/run_eicu_stage_e0.py,d37008c9a3747f92e9caaa343c2f752ee8660a60f0f1d039faa344e9505dbbae,d37008c9a3747f92e9caaa343c2f752ee8660a60f0f1d039faa344e9505dbbae,0,PASS,python_code_only
08_eicu_external_validation/CV_PAC_CPO_EICU_STAGE_EMINUS1_20260909/code/run_eicu_stage_e1a_medication_audit.py,08_eicu_external_validation,CV_PAC_CPO_EICU_STAGE_EMINUS1_20260909/code/run_eicu_stage_e1a_medication_audit.py,3e68ac4fa1d180a6b4a8afef747b88a9b6e5e25cffb4d61e2c07fbced9b8b09c,3e68ac4fa1d180a6b4a8afef747b88a9b6e5e25cffb4d61e2c07fbced9b8b09c,0,PASS,python_code_only
08_eicu_external_validation/CV_PAC_CPO_EICU_STAGE_EMINUS1_20260909/code/run_eicu_stage_e1b.py,08_eicu_external_validation,CV_PAC_CPO_EICU_STAGE_EMINUS1_20260909/code/run_eicu_stage_e1b.py,80db1f68be0a9dfb5ba534b19b77b05bc0ef6e7ba7cc3b6495ec1dcbd8d972db,80db1f68be0a9dfb5ba534b19b77b05bc0ef6e7ba7cc3b6495ec1dcbd8d972db,0,PASS,python_code_only
08_eicu_external_validation/CV_PAC_CPO_EICU_STAGE_EMINUS1_20260909/code/run_eicu_stage_e1b_remediation.py,08_eicu_external_validation,CV_PAC_CPO_EICU_STAGE_EMINUS1_20260909/code/run_eicu_stage_e1b_remediation.py,f96ab5bb5f1b9e293e4e3606331367dfc753b5ad0e3e13de29b6358527f2ad56,f96ab5bb5f1b9e293e4e3606331367dfc753b5ad0e3e13de29b6358527f2ad56,0,PASS,python_code_only
08_eicu_external_validation/CV_PAC_CPO_EICU_STAGE_EMINUS1_20260909/code/run_eicu_stage_e2.py,08_eicu_external_validation,CV_PAC_CPO_EICU_STAGE_EMINUS1_20260909/code/run_eicu_stage_e2.py,2739dc1fe9264b38263c89f65afa4c1fe69669e598f776f160ed9aa7fcd67a8c,2739dc1fe9264b38263c89f65afa4c1fe69669e598f776f160ed9aa7fcd67a8c,0,PASS,python_code_only
10_figures_tables/CV_PAC_CPO_PAPER_PACKAGE_20260908/code/build_tables.py,10_figures_tables,CPO_STATISTICS_RERUN_20260915/CV_PAC_CPO_PAPER_PACKAGE_20260908/code/build_tables.py,6a8db17e260ff20f4a1aae39ab52f946007ecb27158a43367b5eb360c433f16a,6a8db17e260ff20f4a1aae39ab52f946007ecb27158a43367b5eb360c433f16a,0,PASS,python_code_only
10_figures_tables/CV_PAC_CPO_PAPER_PACKAGE_20260908/code/build_result_tables.py,10_figures_tables,CPO_STATISTICS_RERUN_20260915/CV_PAC_CPO_PAPER_PACKAGE_20260908/code/build_result_tables.py,90ee7f397cae9150c155c97d2df0634294ee6dc526032ebdf3e8b32ae548c7c5,90ee7f397cae9150c155c97d2df0634294ee6dc526032ebdf3e8b32ae548c7c5,0,PASS,python_code_only
10_figures_tables/CV_PAC_CPO_PAPER_PACKAGE_20260908/code/build_reviewer_defense_tables.py,10_figures_tables,CPO_STATISTICS_RERUN_20260915/CV_PAC_CPO_PAPER_PACKAGE_20260908/code/build_reviewer_defense_tables.py,ddb3394d1b93ab9cb89f15a2ce98b6eb3b9b4ab833b72e15a1a62d42898ed7f5,ddb3394d1b93ab9cb89f15a2ce98b6eb3b9b4ab833b72e15a1a62d42898ed7f5,0,PASS,python_code_only
10_figures_tables/CV_PAC_CPO_PAPER_PACKAGE_20260908/code/build_predictor_dictionary.py,10_figures_tables,CPO_STATISTICS_RERUN_20260915/CV_PAC_CPO_PAPER_PACKAGE_20260908/code/build_predictor_dictionary.py,5028739f9fc88f7ee00f725d935bf11c75eeedfbe6d53b7beb74b0cf785be4b5,5028739f9fc88f7ee00f725d935bf11c75eeedfbe6d53b7beb74b0cf785be4b5,0,PASS,python_code_only
08_eicu_external_validation/CPO_EICU_EXTERNAL_DISCHARGE_BOUNDARY_R1_V1_0/run_eicu_r1.py,08_eicu_external_validation,CPO_EICU_EXTERNAL_DISCHARGE_BOUNDARY_R1_V1_0/run_eicu_r1.py,0b8515012fd6329bacc3122e3ccc58ec0b231152e9a519419d9533d043c948a3,0b8515012fd6329bacc3122e3ccc58ec0b231152e9a519419d9533d043c948a3,0,PASS,python_code_only
10_figures_tables/EHJACC_FIGURES/scripts/gen_figure2_cohort_flow.py,10_figures_tables,CPO_SUBMISSION_SUPPLEMENT_20260917/EHJACC_FIGURES_600DPI_R1_20260928/scripts/gen_figure2_cohort_flow.py,0e0a1e7aae19772e58c0604f5d08c28b53c47745c434641558aad19f2d67d7a6,0e0a1e7aae19772e58c0604f5d08c28b53c47745c434641558aad19f2d67d7a6,0,PASS,python_code_only
10_figures_tables/EHJACC_FIGURES/scripts/gen_figure3_incremental_value.py,10_figures_tables,CPO_SUBMISSION_SUPPLEMENT_20260917/EHJACC_FIGURES_600DPI_R1_20260928/scripts/gen_figure3_incremental_value.py,2983d15adade18988bc31b3c58ec52cf246799befece429887ad8d45a429fafb,2983d15adade18988bc31b3c58ec52cf246799befece429887ad8d45a429fafb,0,PASS,python_code_only
10_figures_tables/EHJACC_FIGURES/scripts/gen_figure4_clinical_interpretability.py,10_figures_tables,CPO_SUBMISSION_SUPPLEMENT_20260917/EHJACC_FIGURES_600DPI_R1_20260928/scripts/gen_figure4_clinical_interpretability.py,7af1efb99e3a15cb4b4f6ef84d35cbc46b7dc8e4b260ffd2edae4283f7d66abe,7af1efb99e3a15cb4b4f6ef84d35cbc46b7dc8e4b260ffd2edae4283f7d66abe,0,PASS,python_code_only
10_figures_tables/EHJACC_FIGURES/scripts/gen_figure5_external_validation.py,10_figures_tables,CPO_SUBMISSION_SUPPLEMENT_20260917/EHJACC_FIGURES_600DPI_R1_20260928/scripts/gen_figure5_external_validation.py,1748bf7ee9d3dbaf7f5363566b2167bd4d5b2311d2060753c27b3044bb829f6d,1748bf7ee9d3dbaf7f5363566b2167bd4d5b2311d2060753c27b3044bb829f6d,0,PASS,python_code_only
10_figures_tables/EHJACC_FIGURES/scripts/generate_ehjacc_figures.py,10_figures_tables,CPO_SUBMISSION_SUPPLEMENT_20260917/EHJACC_FIGURES_600DPI_R1_20260928/scripts/generate_ehjacc_figures.py,1de491bb707afd75ac852361b1d19b7acfe6c562b8b42256ce82cd0a11fae7d0,1de491bb707afd75ac852361b1d19b7acfe6c562b8b42256ce82cd0a11fae7d0,0,PASS,python_code_only
10_figures_tables/build_submission_supplement_r1.py,10_figures_tables,CPO_SUBMISSION_SUPPLEMENT_20260917/build_submission_supplement_r1.py,da6dfce6daf60d664664b056e3ed5fa51f7bcf8ed65a4d86711dcb057be0ae55,da6dfce6daf60d664664b056e3ed5fa51f7bcf8ed65a4d86711dcb057be0ae55,0,PASS,python_code_only
